gene_id,N_sites,S_sites,N_changes,S_changes,dN,dS,omega
g14338_CDS1,658.2,301.8,0.0,1.0563,0.0,0.0035,0.0
g14899_CDS4,30.6,11.4,0.0,0.0,0.0,0.0,0.0
g14719_CDS1,57.2,14.8,0.0,0.0,0.0,0.0,0.0
g14322_CDS3,270.4,83.6,0.0,0.0,0.0,0.0,0.0
g14751_CDS2,319.6,94.4,0.0,0.0,0.0,0.0,0.0
g15017_CDS1,517.8,166.2,0.0,0.0,0.0,0.0,0.0
g14463_CDS2,186.2,77.8,1.03341,0.0,0.00555,0.0,0.0
g14578_CDS3,388.2,127.8,1.00932,1.05435,0.0026,0.008249999999999999,0.3151515151515152
g14645_CDS6,823.8,178.2,0.0,1.1048399999999998,0.0,0.0062,0.0
g14740_CDS2,214.8,79.2,0.0,0.0,0.0,0.0,0.0
g14873_CDS2,870.0,204.0,0.0,0.0,0.0,0.0,0.0
g14917_CDS1,108.8,41.2,2285.74656,215.07636000000002,21.0087,5.2203,4.024423883684846
g14881_CDS1,201.0,75.0,0.0,0.0,0.0,0.0,0.0
g14743_CDS29,41.0,13.0,0.0,0.0,0.0,0.0,0.0
g14722_CDS6,291.4,92.6,0.0,0.0,0.0,0.0,0.0
g14538_CDS1,913.4,334.6,0.0,0.0,0.0,0.0,0.0
g14727_CDS4,232.0,74.0,0.0,0.0,0.0,0.0,0.0
g14890_CDS2,1137.6,374.4,0.0,0.0,0.0,0.0,0.0
g14965_CDS6,112.0,44.0,0.0,0.0,0.0,0.0,0.0
g14645_CDS3,232.6,73.4,0.0,2.2570500000000004,0.0,0.030750000000000003,0.0
g14427_CDS11,204.6,59.4,1.01277,0.0,0.0049499999999999995,0.0,0.0
g14796_CDS4,199.4,58.6,0.0,0.0,0.0,0.0,0.0
g15011_CDS1,11.4,12.6,0.0,0.0,0.0,0.0,0.0
g14522_CDS4,101.6,36.4,0.0,0.0,0.0,0.0,0.0
g14491_CDS3,79.4,22.6,0.0,0.0,0.0,0.0,0.0
g14454_CDS3,433.0,197.0,51.98165,504.6549,0.12005,2.5617,0.046863411016122104
g14538_CDS2,1037.0,415.0,3.99245,2.13725,0.0038499999999999997,0.00515,0.7475728155339805
g14897_CDS1,637.8,142.2,0.0,0.0,0.0,0.0,0.0
g14387_CDS1,410.4,189.6,0.0,0.0,0.0,0.0,0.0
g14438_CDS7,243.0,63.0,376.6986,78.24915,1.5502,1.24205,1.2480979026609234
g14314_CDS3,307.8,124.2,0.0,0.0,0.0,0.0,0.0
g14526_CDS3,190.6,85.4,0.9911199999999999,0.0,0.0052,0.0,0.0
g14335_CDS6,385.4,130.6,0.0,0.0,0.0,0.0,0.0
g14477_CDS10,186.2,77.8,0.0,0.0,0.0,0.0,0.0
g14731_CDS10,257.8,24.2,0.0,0.0,0.0,0.0,0.0
g14344_CDS1,215.8,66.2,0.0,0.0,0.0,0.0,0.0
g14945_CDS3,359.0,85.0,0.0,0.0,0.0,0.0,0.0
g14377_CDS1,678.0,222.0,0.0,0.0,0.0,0.0,0.0
g14821_CDS4,174.8,83.2,0.0,0.0,0.0,0.0,0.0
g14378_CDS2,225.0,93.0,0.0,0.0,0.0,0.0,0.0
g14555_CDS1,377.2,138.8,0.0,0.0,0.0,0.0,0.0
g14702_CDS1,307.8,118.2,0.0,0.0,0.0,0.0,0.0
g14809_CDS4,33.8,32.2,0.0,0.0,0.0,0.0,0.0
g14975_CDS2,39.6,14.4,0.0,0.0,0.0,0.0,0.0
g14821_CDS3,50.2,9.8,0.0,0.0,0.0,0.0,0.0
g14450_CDS6,352.2,67.8,0.0,0.0,0.0,0.0,0.0
g14809_CDS2,37.2,4.8,0.0,0.0,0.0,0.0,0.0
g14429_CDS11,197.6,66.4,0.0,0.0,0.0,0.0,0.0
g14758_CDS8,181.4,58.6,0.0,0.0,0.0,0.0,0.0
g14970_CDS2,314.8,63.2,0.0,0.0,0.0,0.0,0.0
g14363_CDS1,490.8,187.2,0.0,1.0202399999999998,0.0,0.005449999999999999,0.0
g14904_CDS1,527.4,84.6,0.0,0.0,0.0,0.0,0.0
g14327_CDS5,235.4,88.6,0.0,0.0,0.0,0.0,0.0
g14322_CDS2,803.2,240.8,0.0,0.0,0.0,0.0,0.0
g14470_CDS2,26.2,15.8,0.0,0.0,0.0,0.0,0.0
g14477_CDS15,193.8,52.2,0.0,0.0,0.0,0.0,0.0
g14727_CDS7,34.0,8.0,0.0,0.0,0.0,0.0,0.0
g14400_CDS1,911.6,372.4,5.10496,2.06682,0.0056,0.00555,1.009009009009009
g14900_CDS1,71.2,36.8,0.0,0.0,0.0,0.0,0.0
g15020_CDS1,1689.6,902.4,0.0,2.0303999999999998,0.0,0.00225,0.0
g14490_CDS3,72.0,30.0,2.2788,1.1955,0.03165,0.039850000000000003,0.7942283563362609
g15009_CDS3,589.2,214.8,0.0,0.0,0.0,0.0,0.0
g14966_CDS2,222.8,113.2,2.02748,0.0,0.0091,0.0,0.0
g14877_CDS6,579.6,260.4,0.0,0.0,0.0,0.0,0.0
g14643_CDS1,1305.6,470.4,1.9583999999999997,0.0,0.0014999999999999998,0.0,0.0
g14790_CDS1,128.0,46.0,0.0,0.0,0.0,0.0,0.0
g14314_CDS1,236.4,105.6,0.0,0.0,0.0,0.0,0.0
g14456_CDS1,510.0,228.0,0.0,0.0,0.0,0.0,0.0
g14644_CDS1,1000.0,518.0,1.05,1.9943,0.0010500000000000002,0.00385,0.27272727272727276
g14916_CDS2,350.6,147.4,0.0,0.0,0.0,0.0,0.0
g15023_CDS3,189.0,63.0,0.0,0.0,0.0,0.0,0.0
g14943_CDS1,16.2,7.8,0.0,0.0,0.0,0.0,0.0
g14744_CDS1,1324.4,559.6,0.0,0.0,0.0,0.0,0.0
g14430_CDS3,19.0,11.0,0.0,0.0,0.0,0.0,0.0
g15030_CDS2,16.2,1.8,0.0,0.0,0.0,0.0,0.0
g14382_CDS2,327.6,98.4,0.0,0.0,0.0,0.0,0.0
g14881_CDS9,310.6,109.4,0.0,0.0,0.0,0.0,0.0
g14663_CDS2,133.0,59.0,0.0,0.0,0.0,0.0,0.0
g14872_CDS3,432.4,221.6,1.01614,0.0,0.00235,0.0,0.0
g14807_CDS1,2120.6,693.4,2.9688399999999997,0.0,0.0014,0.0,0.0
g14886_CDS1,1542.6,461.4,0.0,0.0,0.0,0.0,0.0
g14373_CDS10,2.8,15.2,0.0,0.0,0.0,0.0,0.0
g14696_CDS7,63.2,20.8,0.0,0.0,0.0,0.0,0.0
g14450_CDS2,289.4,46.6,0.0,0.0,0.0,0.0,0.0
g14900_CDS8,445.4,136.6,0.0,0.0,0.0,0.0,0.0
g14915_CDS6,323.4,78.6,0.0,0.0,0.0,0.0,0.0
g14720_CDS3,197.2,60.8,0.0,0.0,0.0,0.0,0.0
g14653_CDS1,148.8,91.2,0.0,0.0,0.0,0.0,0.0
g14454_CDS2,190.2,61.8,333.82953,71.97845999999998,1.75515,1.1646999999999998,1.50695458057869
g14326_CDS3,224.4,111.6,0.0,0.0,0.0,0.0,0.0
g14894_CDS2,39.6,14.4,0.0,0.0,0.0,0.0,0.0
g14925_CDS1,68.6,21.4,0.0,0.0,0.0,0.0,0.0
g14689_CDS4,448.2,151.8,0.0,0.0,0.0,0.0,0.0
g14952_CDS5,104.0,40.0,0.0,0.0,0.0,0.0,0.0
g14529_CDS2,259.8,94.2,0.0,0.0,0.0,0.0,0.0
g14870_CDS1,194.4,75.6,1.9926000000000004,2.2490999999999994,0.010250000000000002,0.029749999999999995,0.34453781512605053
g14943_CDS2,26.4,21.6,0.0,0.0,0.0,0.0,0.0
g14398_CDS3,92.8,27.2,0.0,0.0,0.0,0.0,0.0
g14958_CDS5,257.2,144.8,0.0,1.0425600000000002,0.0,0.007200000000000001,0.0
g14726_CDS2,178.6,73.4,0.0,0.0,0.0,0.0,0.0
g14743_CDS1,253.8,88.2,0.0,0.0,0.0,0.0,0.0
g14323_CDS1,474.8,191.2,1509.864,9586.36648,3.18,50.13790000000001,0.0634250736468819
g14994_CDS8,84.6,23.4,0.0,0.0,0.0,0.0,0.0
g14806_CDS2,759.8,284.2,0.0,0.0,0.0,0.0,0.0
g14329_CDS3,308.6,81.4,0.0,0.0,0.0,0.0,0.0
g14327_CDS7,172.6,97.4,0.0,0.0,0.0,0.0,0.0
g14731_CDS7,183.8,68.2,0.0,0.0,0.0,0.0,0.0
g14881_CDS11,298.6,115.4,0.0,0.0,0.0,0.0,0.0
g14467_CDS11,199.4,70.6,0.0,0.0,0.0,0.0,0.0
g14916_CDS1,178.6,79.4,0.0,0.0,0.0,0.0,0.0
g14751_CDS4,12.4,5.6,293.38524,4.6384799999999995,23.6601,0.8282999999999999,28.56465048895328
g14889_CDS1,268.2,145.8,0.0,0.0,0.0,0.0,0.0
g14816_CDS1,521.0,199.0,0.0,0.0,0.0,0.0,0.0
g14972_CDS5,17.8,6.2,0.0,0.0,0.0,0.0,0.0
g14709_CDS2,14.4,15.6,0.0,0.0,0.0,0.0,0.0
g14723_CDS1,319.4,100.6,0.0,0.0,0.0,0.0,0.0
g14795_CDS2,187.6,58.4,0.0,0.0,0.0,0.0,0.0
g14743_CDS4,268.4,85.6,0.0,0.0,0.0,0.0,0.0
g14933_CDS5,330.8,125.2,0.0,0.0,0.0,0.0,0.0
g14726_CDS3,335.0,169.0,0.98825,0.0,0.00295,0.0,0.0
g14850_CDS8,49.8,4.2,0.0,0.0,0.0,0.0,0.0
g15037_CDS3,105.8,38.2,0.0,0.0,0.0,0.0,0.0
g14796_CDS1,1074.6,395.4,0.0,0.0,0.0,0.0,0.0
g14748_CDS1,1313.4,300.6,0.0,0.0,0.0,0.0,0.0
g14551_CDS1,400.0,212.0,2.04,0.0,0.0051,0.0,0.0
g14342_CDS1,172.4,79.6,0.0,0.0,0.0,0.0,0.0
g14712_CDS2,46.4,19.6,0.0,0.0,0.0,0.0,0.0
g14463_CDS1,584.6,219.4,0.0,0.0,0.0,0.0,0.0
g14647_CDS1,713.0,349.0,0.0,0.95975,0.0,0.00275,0.0
g14953_CDS2,235.0,41.0,0.95175,0.0,0.00405,0.0,0.0
g14339_CDS1,272.4,99.6,0.0,0.0,0.0,0.0,0.0
g15027_CDS1,1355.2,396.8,1.0164,0.0,0.0007499999999999999,0.0,0.0
g14736_CDS3,185.0,61.0,0.0,0.0,0.0,0.0,0.0
g14512_CDS1,493.6,100.4,1.0118800000000001,0.0,0.00205,0.0,0.0
g14743_CDS12,45.4,8.6,0.0,0.0,0.0,0.0,0.0
g14946_CDS2,1639.2,490.8,0.0,0.0,0.0,0.0,0.0
g14850_CDS1,430.2,133.8,1134.0932400000002,233.77536000000003,2.6362000000000005,1.7472,1.5088141025641029
g14403_CDS1,319.2,172.8,4.13364,1.0108800000000002,0.01295,0.005850000000000001,2.2136752136752134
g14497_CDS17,61.0,29.0,0.0,0.0,0.0,0.0,0.0
g14498_CDS7,324.6,107.4,0.0,8.248320000000001,0.0,0.07680000000000001,0.0
g14409_CDS2,191.6,48.4,0.0,0.0,0.0,0.0,0.0
g15017_CDS2,48.6,17.4,0.0,0.0,0.0,0.0,0.0
g14820_CDS3,334.6,103.4,1.0038,2.04215,0.003,0.019749999999999997,0.15189873417721522
g14898_CDS9,79.0,29.0,0.0,0.0,0.0,0.0,0.0
g14357_CDS3,270.4,143.6,0.0,0.0,0.0,0.0,0.0
g14306_CDS1,1701.6,674.4,2165.62632,729.2287200000001,1.2727,1.0813000000000001,1.1770091556459814
g14556_CDS3,834.2,269.8,0.0,0.0,0.0,0.0,0.0
g14373_CDS11,9.0,3.0,0.0,0.0,0.0,0.0,0.0
g14466_CDS6,310.6,109.4,0.0,0.0,0.0,0.0,0.0
g14874_CDS1,468.4,215.6,0.0,0.0,0.0,0.0,0.0
g14695_CDS3,233.2,72.8,0.0,0.0,0.0,0.0,0.0
g14797_CDS1,535.8,196.2,0.0,0.0,0.0,0.0,0.0
g14879_CDS1,26.8,15.2,0.0,0.0,0.0,0.0,0.0
g14949_CDS1,466.0,152.0,0.0,0.0,0.0,0.0,0.0
g14329_CDS11,174.6,71.4,0.0,0.0,0.0,0.0,0.0
g14796_CDS5,262.8,85.2,0.0,0.0,0.0,0.0,0.0
g14751_CDS3,285.6,80.4,0.0,0.0,0.0,0.0,0.0
g14987_CDS2,864.0,264.0,0.0,0.0,0.0,0.0,0.0
g14898_CDS5,207.8,68.2,0.0,0.0,0.0,0.0,0.0
g14882_CDS1,966.0,318.0,0.0,0.0,0.0,0.0,0.0
g14653_CDS2,64.8,25.2,0.0,0.0,0.0,0.0,0.0
g15025_CDS6,350.0,94.0,0.0,0.0,0.0,0.0,0.0
g14357_CDS5,29.0,13.0,0.0,0.0,0.0,0.0,0.0
g14430_CDS1,712.8,349.2,0.0,0.0,0.0,0.0,0.0
g14653_CDS5,618.0,240.0,0.0,0.0,0.0,0.0,0.0
g14951_CDS1,302.6,117.4,0.0,0.0,0.0,0.0,0.0
g14696_CDS6,123.6,32.4,0.0,0.0,0.0,0.0,0.0
g14416_CDS1,433.6,88.4,0.0,1.1138400000000002,0.0,0.012600000000000002,0.0
g14725_CDS1,191.2,54.8,0.0,0.0,0.0,0.0,0.0
g14952_CDS3,397.8,124.2,0.0,0.0,0.0,0.0,0.0
g15030_CDS4,665.0,205.0,0.0,0.0,0.0,0.0,0.0
g14445_CDS2,536.0,154.0,0.0,0.0,0.0,0.0,0.0
g14560_CDS1,243.8,38.2,0.9995800000000001,0.0,0.0041,0.0,0.0
g14988_CDS1,1502.8,531.2,0.0,0.0,0.0,0.0,0.0
g14316_CDS1,653.8,228.2,0.0,0.0,0.0,0.0,0.0
g15025_CDS5,120.4,11.6,0.0,0.0,0.0,0.0,0.0
g14769_CDS1,842.8,291.2,0.0,0.0,0.0,0.0,0.0
g14330_CDS1,184.8,67.2,0.0,0.0,0.0,0.0,0.0
g14463_CDS3,409.2,220.8,1.00254,0.0,0.00245,0.0,0.0
g14495_CDS1,285.8,104.2,0.0,0.0,0.0,0.0,0.0
g14345_CDS7,32.2,15.8,0.0,0.0,0.0,0.0,0.0
g14300_CDS1,805.4,136.6,0.0,0.0,0.0,0.0,0.0
g14921_CDS1,346.6,115.4,0.0,0.0,0.0,0.0,0.0
g14792_CDS2,447.6,170.4,0.0,0.0,0.0,0.0,0.0
g14674_CDS8,309.0,57.0,0.0,0.0,0.0,0.0,0.0
g14380_CDS5,191.0,91.0,0.0,0.0,0.0,0.0,0.0
g14893_CDS4,250.0,32.0,0.0,0.0,0.0,0.0,0.0
g14313_CDS9,86.0,28.0,0.0,0.0,0.0,0.0,0.0
g14645_CDS5,321.6,140.4,0.0,2.12706,0.0,0.01515,0.0
g14731_CDS23,46.4,7.6,0.0,0.0,0.0,0.0,0.0
g14532_CDS3,9.0,3.0,0.0,0.0,0.0,0.0,0.0
g14380_CDS15,181.0,77.0,492.01230000000004,3806.264,2.7183,49.432,0.054990694287101474
g14465_CDS1,1319.8,240.2,0.9898500000000001,1.1649699999999998,0.0007500000000000001,0.004849999999999999,0.15463917525773202
g14696_CDS8,928.2,367.8,0.0,0.0,0.0,0.0,0.0
g14485_CDS1,79.4,10.6,0.0,0.0,0.0,0.0,0.0
g14352_CDS2,247.2,136.8,0.0,0.0,0.0,0.0,0.0
g14900_CDS6,255.4,98.6,0.0,0.0,0.0,0.0,0.0
g14468_CDS2,14.2,3.8,0.0,0.0,0.0,0.0,0.0
g14947_CDS3,34.0,8.0,0.0,0.0,0.0,0.0,0.0
g14416_CDS3,680.2,225.8,3.0609,2.07736,0.0045,0.0092,0.48913043478260865
g14970_CDS5,22.8,1.2,0.0,0.0,0.0,0.0,0.0
g14709_CDS1,190.0,80.0,0.0,0.0,0.0,0.0,0.0
g14881_CDS8,231.4,80.6,0.0,0.0,0.0,0.0,0.0
g14906_CDS2,247.2,70.8,0.0,0.0,0.0,0.0,0.0
g14795_CDS3,258.2,131.8,2.07851,0.006590000000000001,0.00805,5e-05,161.0
g14577_CDS1,130.2,55.8,0.0,0.0,0.0,0.0,0.0
g14382_CDS1,294.8,107.2,0.0,0.0,0.0,0.0,0.0
g14313_CDS7,316.2,103.8,0.0,0.0,0.0,0.0,0.0
g14743_CDS10,191.2,66.8,0.0,0.0,0.0,0.0,0.0
g14731_CDS11,13.8,4.2,0.0,0.0,0.0,0.0,0.0
g14949_CDS2,357.6,92.4,299.68668,2959.16544,0.83805,32.0256,0.02616812799760192
g14898_CDS13,202.8,85.2,0.0,0.0,0.0,0.0,0.0
g14674_CDS5,190.2,73.8,1.0651199999999998,0.0,0.0056,0.0,0.0
g14646_CDS1,795.6,242.4,491.20344,16806.63432,0.6174,69.3343,0.008904683540469869
g14550_CDS9,316.8,139.2,0.0,0.0,0.0,0.0,0.0
g14356_CDS2,78.4,5.6,0.0,0.0,0.0,0.0,0.0
g14877_CDS2,40.0,2.0,0.0,0.0,0.0,0.0,0.0
g14730_CDS1,1935.6,650.4,0.9678,2.1138,0.0005,0.00325,0.15384615384615385
g14872_CDS1,396.6,131.4,0.0,0.0,0.0,0.0,0.0
g14530_CDS1,194.0,70.0,0.0,0.0,0.0,0.0,0.0
g14971_CDS3,88.8,31.2,0.0,0.0,0.0,0.0,0.0
g14485_CDS2,481.8,256.2,0.0,0.0,0.0,0.0,0.0
g14457_CDS3,51.0,9.0,0.0,0.0,0.0,0.0,0.0
g14994_CDS11,498.6,83.4,0.0,0.0,0.0,0.0,0.0
g14447_CDS1,596.6,213.4,0.0,0.0,0.0,0.0,0.0
g14651_CDS1,25.0,11.0,0.0,0.0,0.0,0.0,0.0
g14798_CDS1,655.0,209.0,0.0,0.0,0.0,0.0,0.0
g14743_CDS20,252.2,167.8,0.0,0.0,0.0,0.0,0.0
g14729_CDS6,215.2,78.8,0.0,0.0,0.0,0.0,0.0
g15025_CDS1,263.4,96.6,0.0,0.0,0.0,0.0,0.0
g14455_CDS1,916.4,301.6,0.0,0.0,0.0,0.0,0.0
g14688_CDS2,12.0,6.0,0.0,0.0,0.0,0.0,0.0
g14415_CDS1,205.4,82.6,0.0,0.0,0.0,0.0,0.0
g14989_CDS1,2452.0,620.0,0.0,1.1159999999999999,0.0,0.0017999999999999997,0.0
g14457_CDS2,105.8,38.2,0.0,0.0,0.0,0.0,0.0
g14319_CDS2,327.0,93.0,342.7614,1023.1953000000001,1.0482,11.0021,0.09527272066241899
g14332_CDS1,360.2,173.8,0.0,0.0,0.0,0.0,0.0
g14797_CDS2,1184.4,477.6,0.0,0.0,0.0,0.0,0.0
g14328_CDS2,282.2,107.8,0.0,0.0,0.0,0.0,0.0
g14720_CDS1,791.6,228.4,0.0,0.0,0.0,0.0,0.0
g14796_CDS7,307.6,100.4,0.0,0.0,0.0,0.0,0.0
g14991_CDS7,48.8,17.2,0.0,0.0,0.0,0.0,0.0
g14368_CDS1,1921.8,310.2,0.0,0.0,0.0,0.0,0.0
g14691_CDS1,536.8,243.2,1.04676,0.0,0.00195,0.0,0.0
g14439_CDS1,471.6,194.4,0.0,0.0,0.0,0.0,0.0
g14525_CDS2,6.0,6.0,0.0,0.0,0.0,0.0,0.0
g14743_CDS14,251.0,127.0,0.0,0.0,0.0,0.0,0.0
g14380_CDS12,21.8,14.2,0.0,0.0,0.0,0.0,0.0
g14775_CDS1,1153.4,418.6,271.04900000000004,253.92276000000004,0.23500000000000001,0.6066,0.38740520936366635
g14951_CDS11,118.4,49.6,0.0,0.0,0.0,0.0,0.0
g14526_CDS1,66.8,29.2,0.0,0.0,0.0,0.0,0.0
g14987_CDS3,1897.6,634.4,0.0,0.0,0.0,0.0,0.0
g14402_CDS2,101.0,31.0,0.0,0.0,0.0,0.0,0.0
g14762_CDS1,313.0,119.0,0.0,0.0,0.0,0.0,0.0
g14750_CDS2,182.8,105.2,0.0,0.0,0.0,0.0,0.0
g14809_CDS3,207.8,44.2,0.0,0.0,0.0,0.0,0.0
g14873_CDS1,233.8,78.2,0.0,0.0,0.0,0.0,0.0
g14771_CDS1,892.8,187.2,0.0,0.0,0.0,0.0,0.0
g14376_CDS3,19.4,4.6,0.0,0.0,0.0,0.0,0.0
g14684_CDS3,27.0,9.0,0.0,0.0,0.0,0.0,0.0
g15024_CDS1,547.6,334.4,1.01306,0.0,0.00185,0.0,0.0
g14313_CDS10,201.2,80.8,0.0,0.0,0.0,0.0,0.0
g14795_CDS1,814.4,205.6,0.0,2.1896400000000003,0.0,0.010650000000000001,0.0
g14497_CDS23,78.6,11.4,0.0,0.0,0.0,0.0,0.0
g14380_CDS14,181.4,64.6,0.0,0.0,0.0,0.0,0.0
g14696_CDS3,60.8,23.2,0.0,0.0,0.0,0.0,0.0
g14491_CDS1,34.4,1.6,0.0,0.0,0.0,0.0,0.0
g14799_CDS1,582.2,209.8,0.0,0.0,0.0,0.0,0.0
g14792_CDS1,508.0,278.0,0.9652,0.0,0.0019,0.0,0.0
g15017_CDS3,1083.6,188.4,0.0,0.0,0.0,0.0,0.0
g14380_CDS11,120.8,47.2,0.0,0.0,0.0,0.0,0.0
g14345_CDS3,342.2,113.8,0.0,0.0,0.0,0.0,0.0
g14729_CDS2,50.2,9.8,0.0,0.0,0.0,0.0,0.0
g14409_CDS9,219.8,80.2,0.0,0.0,0.0,0.0,0.0
g14733_CDS8,488.8,153.2,0.0,0.0,0.0,0.0,0.0
g14970_CDS4,198.2,65.8,0.0,0.0,0.0,0.0,0.0
g14375_CDS2,202.6,79.4,1.00287,1.09175,0.0049499999999999995,0.013749999999999998,0.36
g14409_CDS6,45.2,2.8,0.0,0.0,0.0,0.0,0.0
g14736_CDS1,67.4,16.6,0.0,0.0,0.0,0.0,0.0
g14889_CDS2,410.2,171.8,0.0,0.0,0.0,0.0,0.0
g14887_CDS6,442.6,91.4,0.0,1.2658900000000002,0.0,0.013850000000000001,0.0
g14758_CDS1,287.0,79.0,0.0,0.0,0.0,0.0,0.0
g14958_CDS6,343.6,160.4,1.01362,0.0,0.0029499999999999995,0.0,0.0
g14510_CDS1,945.6,200.4,0.99288,0.0,0.00105,0.0,0.0
g14715_CDS1,845.4,264.6,0.0,0.0,0.0,0.0,0.0
g14653_CDS4,121.2,46.8,0.0,0.0,0.0,0.0,0.0
g14727_CDS6,29.2,12.8,0.0,0.0,0.0,0.0,0.0
g15011_CDS3,134.8,57.2,0.0,0.0,0.0,0.0,0.0
g14915_CDS2,38.4,21.6,0.0,0.0,0.0,0.0,0.0
g14395_CDS2,35.4,18.6,0.0,0.0,0.0,0.0,0.0
g14437_CDS3,1465.2,244.8,0.0,0.0,0.0,0.0,0.0
g14550_CDS12,76.0,38.0,0.0,0.0,0.0,0.0,0.0
g14820_CDS5,54.8,23.2,0.0,0.0,0.0,0.0,0.0
g14496_CDS4,281.8,84.2,1.07084,0.0,0.0038,0.0,0.0
g14497_CDS3,202.4,85.6,0.0,0.0,0.0,0.0,0.0
g14756_CDS3,246.0,66.0,0.984,0.0,0.004,0.0,0.0
g14996_CDS1,861.4,452.6,0.0,0.0,0.0,0.0,0.0
g14743_CDS11,222.4,65.6,0.0,0.0,0.0,0.0,0.0
g14756_CDS6,1665.2,722.8,0.0,0.0,0.0,0.0,0.0
g14423_CDS3,688.0,218.0,0.0,0.0,0.0,0.0,0.0
g14469_CDS8,199.6,70.4,0.0,0.0,0.0,0.0,0.0
g14477_CDS14,248.0,70.0,0.0,0.0,0.0,0.0,0.0
g14559_CDS3,17.2,0.8,0.0,0.0,0.0,0.0,0.0
g14941_CDS3,271.8,106.2,0.0,1.03014,0.0,0.0097,0.0
g14385_CDS2,682.4,247.6,15.83168,23.039179999999998,0.023200000000000002,0.09305,0.24932831810854383
g14321_CDS2,313.0,119.0,0.0,0.0,0.0,0.0,0.0
g14743_CDS18,270.6,83.4,0.0,0.0,0.0,0.0,0.0
g14815_CDS1,42.6,17.4,0.0,0.0,0.0,0.0,0.0
g14705_CDS2,1003.4,352.6,0.0,0.0,0.0,0.0,0.0
g14731_CDS22,1105.8,400.2,0.0,0.0,0.0,0.0,0.0
g14422_CDS1,193.2,94.8,1.00464,0.0,0.0052,0.0,0.0
g14951_CDS6,173.6,66.4,0.0,0.0,0.0,0.0,0.0
g14725_CDS4,225.4,98.6,0.0,0.99093,0.0,0.01005,0.0
g14922_CDS1,304.0,122.0,0.0,0.0,0.0,0.0,0.0
g14404_CDS2,1401.0,411.0,0.0,0.0,0.0,0.0,0.0
g14409_CDS4,32.8,27.2,0.0,0.0,0.0,0.0,0.0
g14734_CDS2,410.0,124.0,0.0,0.0,0.0,0.0,0.0
g14804_CDS1,529.4,196.6,0.0,0.0,0.0,0.0,0.0
g14881_CDS7,218.0,94.0,0.0,0.0,0.0,0.0,0.0
g14976_CDS1,943.4,256.6,0.0,0.0,0.0,0.0,0.0
g14970_CDS1,403.2,94.8,0.0,0.0,0.0,0.0,0.0
g14694_CDS3,378.4,107.6,0.0,0.0,0.0,0.0,0.0
g14932_CDS2,309.4,116.6,0.0,0.0,0.0,0.0,0.0
g14650_CDS1,192.2,65.8,0.0,0.0,0.0,0.0,0.0
g14356_CDS7,234.8,83.2,0.0,0.0,0.0,0.0,0.0
g14743_CDS16,242.2,75.8,0.0,0.0,0.0,0.0,0.0
g14850_CDS2,256.0,122.0,0.0,0.0,0.0,0.0,0.0
g14578_CDS2,264.2,41.8,0.9907499999999999,0.0,0.00375,0.0,0.0
g14906_CDS3,1271.2,450.8,2.03392,1.0143,0.0016,0.00225,0.7111111111111112
g14983_CDS2,286.8,133.2,0.0,0.0,0.0,0.0,0.0
g14715_CDS2,1278.6,455.4,0.0,0.0,0.0,0.0,0.0
g14543_CDS2,372.0,138.0,0.0,0.0,0.0,0.0,0.0
g14692_CDS1,880.0,224.0,0.0,0.0,0.0,0.0,0.0
g14484_CDS2,270.8,125.2,1.04258,0.0,0.00385,0.0,0.0
g14472_CDS1,244.4,103.6,0.0,0.0,0.0,0.0,0.0
g14946_CDS1,197.6,156.4,0.0,0.0,0.0,0.0,0.0
g14796_CDS3,434.0,142.0,0.0,1.1644,0.0,0.0082,0.0
g14497_CDS7,223.8,82.2,0.0,0.0,0.0,0.0,0.0
g14864_CDS2,224.2,81.8,0.0,0.0,0.0,0.0,0.0
g14792_CDS4,327.2,122.8,0.0,0.0,0.0,0.0,0.0
g14345_CDS5,1761.6,290.4,0.0,0.0,0.0,0.0,0.0
g14380_CDS9,224.0,118.0,1.0192,1.0384,0.00455,0.0088,0.5170454545454546
g14355_CDS5,324.4,131.6,0.0,0.0,0.0,0.0,0.0
g14379_CDS1,685.6,250.4,0.99412,0.0,0.00145,0.0,0.0
g14427_CDS9,266.8,81.2,4.37552,10.718399999999999,0.016399999999999998,0.13199999999999998,0.12424242424242425
g14824_CDS4,284.8,117.2,1.97936,3.46326,0.00695,0.02955,0.23519458544839253
g14430_CDS4,345.0,147.0,0.0,0.0,0.0,0.0,0.0
g14327_CDS1,193.0,65.0,0.0,0.0,0.0,0.0,0.0
g14870_CDS4,9.6,8.4,0.0,0.0,0.0,0.0,0.0
g14970_CDS6,581.0,211.0,0.0,0.0,0.0,0.0,0.0
g14322_CDS4,197.8,84.2,0.0,0.0,0.0,0.0,0.0
g14875_CDS1,63.4,20.6,0.0,0.0,0.0,0.0,0.0
g14662_CDS1,306.2,119.8,0.0,0.0,0.0,0.0,0.0
g14717_CDS1,390.2,209.8,1.0145199999999999,0.0,0.0026,0.0,0.0
g14688_CDS1,2267.2,1284.8,1.0202399999999998,0.0,0.00044999999999999993,0.0,0.0
g14728_CDS2,844.2,367.8,0.0,0.0,0.0,0.0,0.0
g14721_CDS1,254.0,112.0,0.0,0.0,0.0,0.0,0.0
g14731_CDS1,597.4,212.6,0.0,0.0,0.0,0.0,0.0
g14729_CDS1,15.4,2.6,0.0,0.0,0.0,0.0,0.0
g14673_CDS1,521.0,205.0,0.0,0.0,0.0,0.0,0.0
g14943_CDS6,3.8,8.2,0.0,0.0,0.0,0.0,0.0
g14645_CDS1,171.2,92.8,0.0,1.1136,0.0,0.012,0.0
g14899_CDS8,252.8,17.2,0.0,0.0,0.0,0.0,0.0
g14473_CDS2,91.4,34.6,0.0,0.0,0.0,0.0,0.0
g14470_CDS9,762.8,143.2,0.0,0.0,0.0,0.0,0.0
g14668_CDS2,327.4,134.6,13.423399999999999,10.6334,0.041,0.079,0.5189873417721519
g14755_CDS1,328.0,164.0,0.0,0.0,0.0,0.0,0.0
g14951_CDS7,26.6,3.4,0.0,0.0,0.0,0.0,0.0
g14494_CDS1,1864.8,1033.2,0.0,1.0332000000000001,0.0,0.001,0.0
g14682_CDS6,906.0,228.0,0.0,0.0,0.0,0.0,0.0
g14875_CDS2,319.6,100.4,0.0,0.0,0.0,0.0,0.0
g14356_CDS8,349.4,124.6,0.0,0.0,0.0,0.0,0.0
g14986_CDS1,1484.4,663.6,0.0,1.02858,0.0,0.00155,0.0
g14720_CDS8,261.6,92.4,0.0,0.0,0.0,0.0,0.0
g14394_CDS1,1089.6,416.4,5980.215119999999,228.97836,5.488449999999999,0.5499,9.98081469358065
g14780_CDS3,31.4,4.6,0.0,0.0,0.0,0.0,0.0
g14757_CDS1,1022.8,369.2,0.0,0.0,0.0,0.0,0.0
g14707_CDS1,333.4,68.6,0.0,0.0,0.0,0.0,0.0
g14325_CDS2,1162.4,487.6,0.0,0.0,0.0,0.0,0.0
g14468_CDS1,1378.8,271.2,0.0,0.0,0.0,0.0,0.0
g14419_CDS1,191.4,96.6,2.0288399999999998,1.1157299999999999,0.010599999999999998,0.01155,0.9177489177489176
g14806_CDS1,646.6,253.4,0.0,0.0,0.0,0.0,0.0
g14477_CDS1,81.6,32.4,0.0,0.0,0.0,0.0,0.0
g14738_CDS5,294.2,71.8,0.0,0.0,0.0,0.0,0.0
g14357_CDS4,375.2,116.8,0.0,0.0,0.0,0.0,0.0
g14893_CDS3,64.4,13.6,0.0,0.0,0.0,0.0,0.0
g14975_CDS1,176.2,63.8,0.0,0.0,0.0,0.0,0.0
g14427_CDS7,237.8,122.2,1.9975200000000002,24.659959999999998,0.008400000000000001,0.20179999999999998,0.041625371655104076
g14956_CDS1,308.6,111.4,0.0,0.0,0.0,0.0,0.0
g14835_CDS1,1573.4,508.6,3.06813,0.0,0.00195,0.0,0.0
g14810_CDS2,74.0,28.0,0.0,0.0,0.0,0.0,0.0
g14958_CDS4,13.6,4.4,0.0,0.0,0.0,0.0,0.0
g14559_CDS2,26.6,9.4,0.0,0.0,0.0,0.0,0.0
g14729_CDS4,181.2,58.8,0.0,0.0,0.0,0.0,0.0
g14325_CDS1,7.2,4.8,0.0,0.0,0.0,0.0,0.0
g14930_CDS3,27.4,8.6,0.0,0.0,0.0,0.0,0.0
g14458_CDS1,1054.0,506.0,5.0065,1.012,0.00475,0.002,2.375
g14898_CDS4,204.6,77.4,0.0,0.0,0.0,0.0,0.0
g14814_CDS2,310.4,67.6,0.0,0.0,0.0,0.0,0.0
g14985_CDS1,574.2,175.8,0.0,0.0,0.0,0.0,0.0
g14792_CDS6,344.2,99.8,0.0,0.0,0.0,0.0,0.0
g14753_CDS3,54.0,18.0,0.0,0.0,0.0,0.0,0.0
g14871_CDS2,8.6,9.4,0.0,0.0,0.0,0.0,0.0
g14355_CDS1,193.6,58.4,0.0,0.0,0.0,0.0,0.0
g14344_CDS2,55.0,23.0,0.0,0.0,0.0,0.0,0.0
g14331_CDS1,807.6,140.4,0.0,0.0,0.0,0.0,0.0
g14716_CDS4,295.2,118.8,0.0,0.0,0.0,0.0,0.0
g14367_CDS1,1610.6,507.4,2690.1046499999998,443.13779,1.67025,0.8733500000000001,1.912463502604912
g14887_CDS3,189.0,69.0,0.0,0.0,0.0,0.0,0.0
g14677_CDS2,470.0,76.0,0.0,0.0,0.0,0.0,0.0
g14313_CDS1,84.8,11.2,0.0,0.0,0.0,0.0,0.0
g14943_CDS5,533.0,151.0,0.0,0.0,0.0,0.0,0.0
g14429_CDS1,211.6,52.4,0.0,0.0,0.0,0.0,0.0
g15009_CDS1,347.2,126.8,0.0,0.0,0.0,0.0,0.0
g15033_CDS2,569.4,216.6,0.0,0.0,0.0,0.0,0.0
g14794_CDS7,64.8,7.2,0.0,0.0,0.0,0.0,0.0
g15002_CDS1,371.6,174.4,1.04048,0.0,0.0028,0.0,0.0
g14449_CDS3,442.0,188.0,23.4702,25.2484,0.053099999999999994,0.1343,0.3953834698436336
g14974_CDS1,1523.2,552.8,0.0,0.0,0.0,0.0,0.0
g14346_CDS10,254.8,45.2,0.0,0.0,0.0,0.0,0.0
g14763_CDS1,636.2,107.8,0.0,0.0,0.0,0.0,0.0
g14871_CDS4,9.6,8.4,0.0,0.0,0.0,0.0,0.0
g14864_CDS3,670.6,217.4,0.0,0.0,0.0,0.0,0.0
g14743_CDS13,231.2,74.8,0.0,0.0,0.0,0.0,0.0
g14429_CDS7,244.2,115.8,0.0,0.0,0.0,0.0,0.0
g14674_CDS2,198.4,41.6,0.0,0.0,0.0,0.0,0.0
g14888_CDS1,537.6,224.4,0.9945600000000001,0.0,0.00185,0.0,0.0
g14962_CDS1,2206.0,818.0,0.0,0.0,0.0,0.0,0.0
g14945_CDS4,6.0,6.0,0.0,0.0,0.0,0.0,0.0
g14804_CDS4,249.8,62.2,0.0,0.0,0.0,0.0,0.0
g14872_CDS2,80.4,27.6,0.0,0.0,0.0,0.0,0.0
g15037_CDS2,45.0,15.0,0.0,0.0,0.0,0.0,0.0
g14958_CDS7,461.8,222.2,0.99287,2.0664599999999997,0.00215,0.0093,0.23118279569892475
g15035_CDS1,478.2,151.8,0.0,0.0,0.0,0.0,0.0
g14467_CDS3,168.8,71.2,0.0,0.0,0.0,0.0,0.0
g14345_CDS8,1861.6,604.4,0.0,0.0,0.0,0.0,0.0
g14764_CDS1,574.0,188.0,0.0,0.0,0.0,0.0,0.0
g14350_CDS1,693.4,206.6,8.04344,18.0775,0.011600000000000001,0.08750000000000001,0.13257142857142856
g14792_CDS5,52.0,20.0,0.0,0.0,0.0,0.0,0.0
g14514_CDS1,1230.4,431.6,867.37048,389.99376000000007,0.70495,0.9036000000000001,0.7801571491810535
g14355_CDS3,15.6,8.4,0.0,0.0,0.0,0.0,0.0
g14551_CDS2,38.6,15.4,0.0,0.0,0.0,0.0,0.0
g14871_CDS1,191.8,78.2,0.0,0.0,0.0,0.0,0.0
g14550_CDS11,299.2,90.8,0.0,0.0,0.0,0.0,0.0
g14482_CDS2,338.4,99.6,0.0,0.0,0.0,0.0,0.0
g14953_CDS1,206.4,75.6,0.0,0.0,0.0,0.0,0.0
g14672_CDS1,400.0,218.0,3.98,0.0,0.00995,0.0,0.0
g14903_CDS2,248.0,70.0,75.144,80.7485,0.30300000000000005,1.15355,0.2626674179706125
g14733_CDS4,21.4,8.6,0.0,0.0,0.0,0.0,0.0
g15034_CDS2,182.0,70.0,0.0,0.0,0.0,0.0,0.0
g14554_CDS1,2240.0,814.0,0.0,0.0,0.0,0.0,0.0
g14864_CDS1,72.4,17.6,0.0,0.0,0.0,0.0,0.0
g14650_CDS4,36.4,17.6,0.0,0.0,0.0,0.0,0.0
g14651_CDS4,647.4,234.6,326.35434,2777.38248,0.5041,11.8388,0.042580329087407505
g14468_CDS6,226.8,79.2,0.0,0.0,0.0,0.0,0.0
g14971_CDS1,522.6,185.4,0.0,0.0,0.0,0.0,0.0
g14808_CDS3,27.0,9.0,0.0,0.0,0.0,0.0,0.0
g14380_CDS1,456.2,83.8,0.0,0.0,0.0,0.0,0.0
g14400_CDS3,92.6,27.4,0.0,0.0,0.0,0.0,0.0
g14738_CDS4,231.8,80.2,0.0,0.0,0.0,0.0,0.0
g14911_CDS2,489.8,218.2,0.0,1.0473599999999998,0.0,0.0048,0.0
g14442_CDS1,938.8,279.2,0.0,0.0,0.0,0.0,0.0
g14415_CDS3,871.8,262.2,6.01542,1.06191,0.0069,0.00405,1.7037037037037037
g14709_CDS3,289.6,94.4,0.0,0.0,0.0,0.0,0.0
g14536_CDS2,389.6,114.4,208.00744000000003,106.58648,0.5339,0.9316999999999999,0.5730385317162178
g14552_CDS4,315.0,189.0,0.0,0.9922500000000001,0.0,0.00525,0.0
g14776_CDS1,1028.6,543.4,0.0,2.01058,0.0,0.0037,0.0
g14693_CDS2,89.6,36.4,0.0,0.0,0.0,0.0,0.0
g14313_CDS5,1436.4,489.6,0.0,0.0,0.0,0.0,0.0
g14443_CDS1,915.6,308.4,0.0,0.0,0.0,0.0,0.0
g14380_CDS8,232.0,104.0,0.0,1.0452,0.0,0.01005,0.0
g14346_CDS14,438.8,191.2,0.0,0.0,0.0,0.0,0.0
g14914_CDS1,542.0,160.0,2.0324999999999998,0.0,0.0037499999999999994,0.0,0.0
g14396_CDS2,250.4,55.6,0.0,0.0,0.0,0.0,0.0
g14498_CDS3,249.6,32.4,0.0,2.26476,0.0,0.0699,0.0
g14705_CDS1,762.2,275.8,0.0,0.0,0.0,0.0,0.0
g14543_CDS1,346.4,97.6,0.0,0.0,0.0,0.0,0.0
g14471_CDS1,3593.8,1302.2,0.0,0.0,0.0,0.0,0.0
g14373_CDS6,211.4,52.6,0.0,0.0,0.0,0.0,0.0
g14916_CDS3,113.0,37.0,0.0,0.0,0.0,0.0,0.0
g14357_CDS2,230.8,93.2,0.0,0.0,0.0,0.0,0.0
g14889_CDS4,317.6,144.4,2.0326400000000002,0.0,0.0064,0.0,0.0
g14738_CDS3,31.2,16.8,0.0,0.0,0.0,0.0,0.0
g14951_CDS8,197.8,78.2,0.0,0.0,0.0,0.0,0.0
g14339_CDS2,720.2,251.8,0.0,0.0,0.0,0.0,0.0
g14677_CDS1,614.4,165.6,0.0,0.0,0.0,0.0,0.0
g14793_CDS4,189.8,86.2,0.0,0.0,0.0,0.0,0.0
g14524_CDS1,441.2,122.8,0.0,0.0,0.0,0.0,0.0
g14482_CDS1,1059.6,374.4,0.0,0.0,0.0,0.0,0.0
g14496_CDS6,34.6,7.4,0.0,0.0,0.0,0.0,0.0
g14694_CDS2,295.4,124.6,0.0,0.0,0.0,0.0,0.0
g14645_CDS4,239.8,78.2,0.0,0.0,0.0,0.0,0.0
g14708_CDS3,247.0,71.0,0.0,0.0,0.0,0.0,0.0
g14983_CDS3,230.8,87.2,0.0,0.0,0.0,0.0,0.0
g14722_CDS7,63.0,39.0,0.0,0.0,0.0,0.0,0.0
g14878_CDS6,216.0,60.0,0.0,0.0,0.0,0.0,0.0
g14945_CDS2,134.4,51.6,0.0,0.0,0.0,0.0,0.0
g14956_CDS12,258.4,95.6,0.0,0.0,0.0,0.0,0.0
g14792_CDS3,38.6,15.4,0.0,0.0,0.0,0.0,0.0
g14805_CDS2,772.8,271.2,6.1437599999999986,13.207439999999998,0.007949999999999999,0.04869999999999999,0.16324435318275154
g14356_CDS6,284.8,99.2,0.0,0.0,0.0,0.0,0.0
g14876_CDS6,186.2,89.8,0.9868600000000001,0.0,0.005300000000000001,0.0,0.0
g14919_CDS1,3778.4,1303.6,3.02272,0.9776999999999998,0.0008,0.0007499999999999999,1.0666666666666669
g15025_CDS3,141.0,45.0,0.0,0.0,0.0,0.0,0.0
g14477_CDS7,423.6,152.4,0.0,0.0,0.0,0.0,0.0
g14684_CDS1,437.8,174.2,0.0,0.0,0.0,0.0,0.0
g14994_CDS9,1426.8,571.2,0.0,0.0,0.0,0.0,0.0
g14725_CDS2,208.0,56.0,0.0,0.0,0.0,0.0,0.0
g14878_CDS13,279.0,93.0,0.0,0.0,0.0,0.0,0.0
g14952_CDS1,581.2,210.8,0.0,0.0,0.0,0.0,0.0
g14779_CDS1,222.4,59.6,0.0,0.0,0.0,0.0,0.0
g14477_CDS11,327.2,122.8,0.0,0.0,0.0,0.0,0.0
g14496_CDS14,202.6,79.4,0.0,0.0,0.0,0.0,0.0
g14743_CDS26,204.4,65.6,0.0,0.0,0.0,0.0,0.0
g14358_CDS4,405.2,140.8,0.0,0.0,0.0,0.0,0.0
g14668_CDS1,539.8,174.2,213.73380999999998,170.17597999999998,0.39594999999999997,0.9769,0.4053127239226123
g14673_CDS2,345.6,116.4,0.0,0.0,0.0,0.0,0.0
g14994_CDS2,276.6,47.4,0.0,0.0,0.0,0.0,0.0
g14354_CDS1,413.6,114.4,0.0,0.0,0.0,0.0,0.0
g14731_CDS24,57.6,2.4,0.0,0.0,0.0,0.0,0.0
g14906_CDS1,348.8,53.2,0.9940800000000001,0.0,0.00285,0.0,0.0
g14740_CDS3,563.0,199.0,0.0,0.0,0.0,0.0,0.0
g14373_CDS4,187.2,64.8,0.0,0.0,0.0,0.0,0.0
g14912_CDS1,2229.4,1082.6,7.69143,2.43585,0.00345,0.0022500000000000003,1.5333333333333332
g14327_CDS3,62.8,27.2,0.0,0.0,0.0,0.0,0.0
g14329_CDS5,37.8,16.2,0.0,0.0,0.0,0.0,0.0
g14695_CDS2,220.8,85.2,0.0,0.0,0.0,0.0,0.0
g14470_CDS7,170.0,76.0,0.0,0.0,0.0,0.0,0.0
g14796_CDS2,18.0,0.0,0.0,0.0,0.0,0.0,0.0
g14470_CDS4,109.2,52.8,0.0,0.0,0.0,0.0,0.0
g14528_CDS1,782.6,255.4,0.0,2.2475200000000006,0.0,0.008800000000000002,0.0
g14971_CDS5,19.6,4.4,0.0,0.0,0.0,0.0,0.0
g14959_CDS1,2818.0,1256.0,0.9863,3.0772,0.00035,0.00245,0.14285714285714285
g14822_CDS2,382.0,128.0,0.9932000000000001,1.0624,0.0026000000000000003,0.0083,0.3132530120481928
g14743_CDS17,412.8,199.2,0.9907199999999999,0.0,0.0024,0.0,0.0
g14728_CDS1,1153.6,616.4,0.0,1.0170599999999999,0.0,0.0016499999999999998,0.0
g14732_CDS1,389.4,162.6,0.0,0.0,0.0,0.0,0.0
g14529_CDS1,50.6,21.4,0.0,0.0,0.0,0.0,0.0
g14998_CDS3,1231.4,604.6,0.0,0.0,0.0,0.0,0.0
g14663_CDS1,187.6,70.4,0.0,0.0,0.0,0.0,0.0
g14409_CDS1,495.2,176.8,0.0,0.0,0.0,0.0,0.0
g14356_CDS5,408.4,167.6,0.0,0.0,0.0,0.0,0.0
g14991_CDS4,199.8,58.2,0.0,0.0,0.0,0.0,0.0
g14979_CDS2,252.8,167.2,0.0,1.0115599999999998,0.0,0.006049999999999999,0.0
g14429_CDS13,468.4,185.6,1.9672799999999997,0.0,0.0042,0.0,0.0
g14534_CDS1,537.8,260.2,0.0,0.0,0.0,0.0,0.0
g14793_CDS2,942.2,317.8,0.0,0.0,0.0,0.0,0.0
g14894_CDS1,617.6,210.4,0.0,0.0,0.0,0.0,0.0
g14879_CDS2,1495.6,544.4,0.0,0.0,0.0,0.0,0.0
g14468_CDS5,535.4,202.6,0.0,0.0,0.0,0.0,0.0
g14678_CDS1,354.2,143.8,0.0,0.0,0.0,0.0,0.0
g14725_CDS12,214.2,85.8,0.0,0.0,0.0,0.0,0.0
g14466_CDS4,359.0,127.0,0.0,0.0,0.0,0.0,0.0
g14972_CDS4,214.6,91.4,0.0,0.0,0.0,0.0,0.0
g14947_CDS2,750.6,287.4,0.0,0.0,0.0,0.0,0.0
g14437_CDS2,200.8,75.2,0.0,0.0,0.0,0.0,0.0
g14423_CDS2,795.0,135.0,0.0,0.0,0.0,0.0,0.0
g14822_CDS1,79.6,10.4,0.0,0.0,0.0,0.0,0.0
g14381_CDS3,82.4,31.6,0.0,0.0,0.0,0.0,0.0
g14409_CDS10,390.4,149.6,0.0,0.0,0.0,0.0,0.0
g14648_CDS1,1215.6,626.4,1.0332599999999998,0.9709199999999999,0.00085,0.00155,0.5483870967741935
g14939_CDS1,163.2,130.8,5.02656,1.12488,0.0308,0.0086,3.5813953488372094
g14467_CDS4,200.6,69.4,0.0,0.0,0.0,0.0,0.0
g14480_CDS1,662.0,184.0,0.0,0.0,0.0,0.0,0.0
g14521_CDS2,711.2,242.8,0.0,0.0,0.0,0.0,0.0
g14722_CDS5,80.0,22.0,0.0,0.0,0.0,0.0,0.0
g14672_CDS2,173.4,78.6,1.0057200000000002,0.0,0.0058000000000000005,0.0,0.0
g14811_CDS1,673.2,232.8,0.0,0.0,0.0,0.0,0.0
g14867_CDS2,271.0,65.0,0.0,0.0,0.0,0.0,0.0
g14870_CDS2,13.8,4.2,1.7946900000000001,1.85073,0.13005,0.44065,0.2951321910813571
g14402_CDS1,2882.6,525.4,1.00891,0.0,0.00035,0.0,0.0
g14535_CDS2,391.4,118.6,58.63172,31.77294,0.14980000000000002,0.2679,0.559163867114595
g14345_CDS4,905.4,348.6,0.99594,0.0,0.0011,0.0,0.0
g14716_CDS1,188.2,69.8,0.0,0.0,0.0,0.0,0.0
g14327_CDS4,46.4,1.6,0.0,0.0,0.0,0.0,0.0
g14409_CDS8,16.2,7.8,0.0,0.0,0.0,0.0,0.0
g14803_CDS1,384.4,125.6,0.0,0.0,0.0,0.0,0.0
g14571_CDS1,724.0,146.0,0.9774,1.2702,0.00135,0.0087,0.15517241379310348
g14358_CDS7,209.0,73.0,0.0,0.0,0.0,0.0,0.0
g14539_CDS1,945.0,423.0,0.0,0.0,0.0,0.0,0.0
g14916_CDS5,219.4,68.6,0.0,0.0,0.0,0.0,0.0
g14731_CDS15,225.6,62.4,0.0,0.0,0.0,0.0,0.0
g14497_CDS6,19.0,11.0,0.0,0.0,0.0,0.0,0.0
g14965_CDS2,17.0,1.0,0.0,0.0,0.0,0.0,0.0
g14881_CDS2,431.4,144.6,0.0,0.0,0.0,0.0,0.0
g14684_CDS2,49.0,17.0,0.0,0.0,0.0,0.0,0.0
g14522_CDS1,283.6,172.4,0.0,0.0,0.0,0.0,0.0
g14647_CDS2,1470.2,809.8,0.0,1.0122499999999999,0.0,0.0012499999999999998,0.0
g14792_CDS8,62.8,39.2,0.0,0.0,0.0,0.0,0.0
g14704_CDS1,397.0,71.0,0.0,1.2283,0.0,0.0173,0.0
g14437_CDS1,70.2,43.8,0.0,0.0,0.0,0.0,0.0
g14344_CDS3,250.6,91.4,0.0,0.0,0.0,0.0,0.0
g14900_CDS3,13.0,5.0,0.0,0.0,0.0,0.0,0.0
g14737_CDS1,412.2,103.8,0.0,0.0,0.0,0.0,0.0
g14550_CDS1,525.0,39.0,218.37374999999997,225.10020000000003,0.41594999999999993,5.771800000000001,0.07206590664957203
g14990_CDS1,751.6,274.4,0.0,0.0,0.0,0.0,0.0
g14525_CDS6,409.8,148.2,0.0,0.0,0.0,0.0,0.0
g14358_CDS1,213.8,68.2,0.0,0.0,0.0,0.0,0.0
g14688_CDS3,42.0,18.0,0.0,0.0,0.0,0.0,0.0
g14520_CDS3,223.2,40.8,0.0,0.0,0.0,0.0,0.0
g14328_CDS3,229.6,82.4,0.0,0.0,0.0,0.0,0.0
g14898_CDS8,300.8,95.2,0.0,0.0,0.0,0.0,0.0
g14558_CDS1,657.6,290.4,0.9864,1.03092,0.0015,0.0035500000000000006,0.42253521126760557
g14751_CDS1,349.0,119.0,0.0,0.0,0.0,0.0,0.0
g14531_CDS1,418.6,97.4,0.0,0.0,0.0,0.0,0.0
g14804_CDS3,313.6,172.4,0.0,0.0,0.0,0.0,0.0
g14370_CDS1,1653.6,548.4,0.0,0.0,0.0,0.0,0.0
g14770_CDS1,382.2,187.8,0.0,0.0,0.0,0.0,0.0
g14432_CDS1,2536.0,806.0,0.0,0.0,0.0,0.0,0.0
g14895_CDS5,189.6,74.4,0.0,0.0,0.0,0.0,0.0
g14353_CDS1,427.0,143.0,0.0,0.0,0.0,0.0,0.0
g15009_CDS2,15.0,9.0,0.0,0.0,0.0,0.0,0.0
g14470_CDS11,115.0,35.0,0.0,0.0,0.0,0.0,0.0
g14745_CDS1,3351.8,1094.2,0.0,0.0,0.0,0.0,0.0
g14689_CDS2,779.6,246.4,0.0,0.0,0.0,0.0,0.0
g14985_CDS2,283.6,82.4,910.7105000000001,120.48528,3.21125,1.4622,2.196176993571331
g14382_CDS5,246.8,101.2,0.0,0.0,0.0,0.0,0.0
g14778_CDS4,288.0,90.0,0.0,0.0,0.0,0.0,0.0
g14814_CDS1,520.8,175.2,0.0,0.0,0.0,0.0,0.0
g14915_CDS1,1082.4,507.6,2.0024400000000004,0.0,0.0018500000000000003,0.0,0.0
g14809_CDS5,103.8,28.2,0.0,0.0,0.0,0.0,0.0
g14382_CDS3,233.4,108.6,0.0,0.0,0.0,0.0,0.0
g15039_CDS2,225.8,128.2,0.0,0.0,0.0,0.0,0.0
g14744_CDS2,20.6,9.4,0.0,0.0,0.0,0.0,0.0
g14381_CDS18,212.8,81.2,0.0,0.0,0.0,0.0,0.0
g14488_CDS1,1358.6,327.4,0.0,0.0,0.0,0.0,0.0
g14734_CDS1,210.0,54.0,0.0,0.0,0.0,0.0,0.0
g14489_CDS1,653.4,252.6,0.0,0.0,0.0,0.0,0.0
g14720_CDS12,584.4,237.6,0.0,0.0,0.0,0.0,0.0
g14514_CDS4,223.0,47.0,0.9700500000000001,2.70015,0.004350000000000001,0.057449999999999994,0.07571801566579636
g14731_CDS18,181.2,70.8,0.0,0.0,0.0,0.0,0.0
g14731_CDS21,383.2,96.8,0.0,0.0,0.0,0.0,0.0
g14707_CDS2,70.6,31.4,0.0,0.0,0.0,0.0,0.0
g14423_CDS1,434.0,88.0,0.9982,0.0,0.0023,0.0,0.0
g14772_CDS1,1100.4,225.6,21104.791680000002,979.104,19.1792,4.34,4.419170506912443
g14642_CDS1,708.0,252.0,0.0,0.0,0.0,0.0,0.0
g14519_CDS1,489.0,111.0,1.00245,0.0,0.00205,0.0,0.0
g14922_CDS2,39.4,14.6,0.0,0.0,0.0,0.0,0.0
g14741_CDS1,409.8,142.2,0.0,0.0,0.0,0.0,0.0
g15034_CDS5,91.0,23.0,0.0,0.0,0.0,0.0,0.0
g14866_CDS2,31.6,4.4,0.0,0.0,0.0,0.0,0.0
g14743_CDS7,236.0,76.0,0.0,0.0,0.0,0.0,0.0
g14734_CDS3,496.6,217.4,0.0,0.0,0.0,0.0,0.0
g15030_CDS1,485.6,180.4,0.0,0.0,0.0,0.0,0.0
g14578_CDS5,276.4,89.6,0.0,0.0,0.0,0.0,0.0
g14557_CDS4,71.4,6.6,0.0,0.0,0.0,0.0,0.0
g14335_CDS4,442.8,169.2,0.0,0.0,0.0,0.0,0.0
g14310_CDS1,1602.0,300.0,0.0,1.185,0.0,0.00395,0.0
g15011_CDS2,31.8,4.2,0.0,0.0,0.0,0.0,0.0
g14810_CDS1,989.2,252.8,0.0,0.98592,0.0,0.0039,0.0
g15012_CDS12,234.2,59.8,0.0,0.0,0.0,0.0,0.0
g14346_CDS13,367.0,119.0,0.0,0.0,0.0,0.0,0.0
g14924_CDS1,948.8,161.2,0.0,0.0,0.0,0.0,0.0
g14740_CDS1,27.6,8.4,0.0,0.0,0.0,0.0,0.0
g14429_CDS9,243.8,104.2,0.0,1.02637,0.0,0.00985,0.0
g14733_CDS7,691.2,388.8,0.0,0.0,0.0,0.0,0.0
g14463_CDS5,469.6,202.4,0.0,0.0,0.0,0.0,0.0
g14689_CDS1,433.0,131.0,0.0,0.0,0.0,0.0,0.0
g14550_CDS7,684.2,365.8,0.0,1.11569,0.0,0.00305,0.0
g14780_CDS2,251.0,85.0,0.0,0.0,0.0,0.0,0.0
g14422_CDS3,919.6,214.4,1.01156,0.0,0.0011,0.0,0.0
g14362_CDS1,1424.6,657.4,0.9972199999999999,0.0,0.0007,0.0,0.0
g14314_CDS4,51.2,20.8,0.0,0.0,0.0,0.0,0.0
g14543_CDS3,27.8,14.2,0.0,0.0,0.0,0.0,0.0
g14556_CDS2,24.8,11.2,0.0,0.0,0.0,0.0,0.0
g14428_CDS1,434.4,147.6,1453.11144,103.94730000000001,3.3451,0.7042500000000002,4.749875754348596
g14743_CDS21,484.4,163.6,0.0,0.0,0.0,0.0,0.0
g14395_CDS1,215.4,66.6,0.0,0.0,0.0,0.0,0.0
g14794_CDS3,197.2,72.8,0.0,0.0,0.0,0.0,0.0
g14881_CDS10,380.0,118.0,0.0,0.0,0.0,0.0,0.0
g15034_CDS6,19.4,4.6,0.0,0.0,0.0,0.0,0.0
g14822_CDS3,116.2,39.8,0.0,0.0,0.0,0.0,0.0
g14497_CDS2,14.2,3.8,0.0,0.0,0.0,0.0,0.0
g14911_CDS1,1102.4,469.6,2.0394400000000004,3.0289200000000003,0.00185,0.00645,0.2868217054263566
g14869_CDS1,832.6,469.4,0.0,0.0,0.0,0.0,0.0
g14495_CDS2,227.8,66.2,0.0,0.0,0.0,0.0,0.0
g14398_CDS1,935.0,349.0,9.20975,4.222899999999999,0.00985,0.012099999999999998,0.8140495867768596
g14727_CDS1,109.4,46.6,0.0,0.0,0.0,0.0,0.0
g14952_CDS7,341.4,108.6,0.0,0.0,0.0,0.0,0.0
g14373_CDS2,50.6,21.4,0.0,0.0,0.0,0.0,0.0
g14329_CDS1,262.0,74.0,0.0,0.0,0.0,0.0,0.0
g14708_CDS1,32.6,9.4,0.0,0.0,0.0,0.0,0.0
g14725_CDS7,10.0,2.0,0.0,0.0,0.0,0.0,0.0
g14461_CDS1,1004.0,556.0,1.004,0.0,0.001,0.0,0.0
g14550_CDS6,81.4,44.6,0.0,0.0,0.0,0.0,0.0
g14943_CDS8,469.8,244.2,0.0,0.0,0.0,0.0,0.0
g14813_CDS1,24.2,5.8,0.0,0.0,0.0,0.0,0.0
g14768_CDS1,341.6,138.4,0.0,0.0,0.0,0.0,0.0
g14399_CDS1,376.0,140.0,8.0276,11.704,0.021349999999999997,0.08360000000000001,0.25538277511961716
g14380_CDS10,27.2,20.8,0.0,0.0,0.0,0.0,0.0
g14376_CDS1,265.6,70.4,0.0,0.0,0.0,0.0,0.0
g14359_CDS1,52.0,20.0,0.0,0.0,0.0,0.0,0.0
g14712_CDS1,171.6,86.4,0.0,0.0,0.0,0.0,0.0
g14453_CDS1,423.6,128.4,0.0,0.0,0.0,0.0,0.0
g14497_CDS19,105.0,57.0,0.0,0.0,0.0,0.0,0.0
g14801_CDS1,51.2,26.8,0.0,0.0,0.0,0.0,0.0
g14457_CDS1,549.8,80.2,0.0,2.03708,0.0,0.0254,0.0
g14749_CDS7,533.2,198.8,0.0,0.0,0.0,0.0,0.0
g14933_CDS1,265.8,106.2,0.0,0.0,0.0,0.0,0.0
g15023_CDS1,651.8,242.2,0.0,0.0,0.0,0.0,0.0
g14996_CDS2,629.0,193.0,0.0,0.0,0.0,0.0,0.0
g14541_CDS1,65.6,12.4,0.0,0.0,0.0,0.0,0.0
g14430_CDS2,569.2,282.8,0.0,0.0,0.0,0.0,0.0
g14930_CDS1,343.8,124.2,0.0,0.0,0.0,0.0,0.0
g14313_CDS2,278.0,100.0,0.0,0.0,0.0,0.0,0.0
g14735_CDS1,550.6,193.4,0.0,0.0,0.0,0.0,0.0
g14376_CDS2,108.2,47.8,0.0,0.0,0.0,0.0,0.0
g14952_CDS6,12.4,5.6,0.0,0.0,0.0,0.0,0.0
g14498_CDS6,181.4,100.6,1.0339800000000001,1.04121,0.0057,0.01035,0.5507246376811594
g14747_CDS1,1153.2,412.8,1155.7947000000001,3372.6585600000003,1.00225,8.170200000000001,0.12267141563242025
g14313_CDS8,125.4,30.6,0.95304,0.0,0.0076,0.0,0.0
g14969_CDS1,1373.0,301.0,0.0,0.0,0.0,0.0,0.0
g15037_CDS1,334.2,109.8,0.0,0.0,0.0,0.0,0.0
g14696_CDS4,62.2,27.8,0.0,0.0,0.0,0.0,0.0
g14758_CDS6,28.8,7.2,0.0,0.0,0.0,0.0,0.0
g14329_CDS10,282.0,90.0,0.0,0.0,0.0,0.0,0.0
g15030_CDS3,778.8,223.2,0.0,0.0,0.0,0.0,0.0
g14476_CDS1,422.8,111.2,0.0,0.0,0.0,0.0,0.0
g14318_CDS3,271.0,83.0,2.0596,5.274649999999999,0.0076,0.06355,0.11959087332808813
g14898_CDS10,54.4,47.6,0.0,0.0,0.0,0.0,0.0
g14756_CDS5,120.0,18.0,0.0,0.0,0.0,0.0,0.0
g15006_CDS1,1657.0,845.0,0.0,1.014,0.0,0.0012000000000000001,0.0
g14325_CDS4,671.4,120.6,0.0,0.0,0.0,0.0,0.0
g14652_CDS1,2189.6,786.4,0.0,0.0,0.0,0.0,0.0
g14359_CDS2,22.8,13.2,0.0,0.0,0.0,0.0,0.0
g14718_CDS1,2918.4,597.6,0.0,0.0,0.0,0.0,0.0
g14956_CDS2,51.2,20.8,0.0,0.0,0.0,0.0,0.0
g14954_CDS1,1649.2,570.8,3.0510200000000003,0.0,0.00185,0.0,0.0
g14696_CDS2,28.8,13.2,0.0,0.0,0.0,0.0,0.0
g14520_CDS1,1219.0,449.0,0.0,0.0,0.0,0.0,0.0
g14738_CDS1,700.4,469.6,1.0505999999999998,0.0,0.0014999999999999996,0.0,0.0
g14477_CDS8,297.2,50.8,0.0,0.0,0.0,0.0,0.0
g14653_CDS3,400.8,91.2,0.0,0.0,0.0,0.0,0.0
g14743_CDS15,167.2,84.8,0.0,0.0,0.0,0.0,0.0
g14381_CDS17,182.6,63.4,0.0,0.0,0.0,0.0,0.0
g14915_CDS3,303.4,128.6,0.0,0.0,0.0,0.0,0.0
g14876_CDS4,46.8,13.2,0.0,0.0,0.0,0.0,0.0
g15023_CDS4,24.8,11.2,0.0,0.0,0.0,0.0,0.0
g14335_CDS7,214.6,97.4,0.0,0.0,0.0,0.0,0.0
g14335_CDS8,343.2,136.8,0.0,0.0,0.0,0.0,0.0
g14427_CDS13,453.0,201.0,13.9524,15.0549,0.0308,0.0749,0.4112149532710281
g14970_CDS3,48.4,23.6,0.0,0.0,0.0,0.0,0.0
g14495_CDS3,374.2,63.8,0.0,0.0,0.0,0.0,0.0
g14356_CDS1,241.0,89.0,0.0,0.0,0.0,0.0,0.0
g14352_CDS1,120.4,41.6,0.0,0.0,0.0,0.0,0.0
g14525_CDS7,177.8,56.2,1.0045700000000002,1.10152,0.0056500000000000005,0.0196,0.288265306122449
g14352_CDS3,263.4,66.6,0.0,0.0,0.0,0.0,0.0
g14941_CDS1,311.0,109.0,0.0,0.0,0.0,0.0,0.0
g14424_CDS1,197.2,114.8,1.0845999999999998,0.0,0.005499999999999999,0.0,0.0
g14804_CDS2,48.8,11.2,0.0,0.0,0.0,0.0,0.0
g14416_CDS2,595.8,334.2,0.0,5.14668,0.0,0.0154,0.0
g14687_CDS1,58.0,20.0,0.0,0.0,0.0,0.0,0.0
g14794_CDS8,485.8,180.2,0.0,0.0,0.0,0.0,0.0
g14334_CDS1,426.4,125.6,0.0,0.0,0.0,0.0,0.0
g14868_CDS4,386.8,141.2,0.0,0.0,0.0,0.0,0.0
g14893_CDS6,252.4,65.6,0.0,0.0,0.0,0.0,0.0
g14466_CDS1,88.2,31.8,0.0,0.0,0.0,0.0,0.0
g14333_CDS2,474.0,180.0,0.0,0.0,0.0,0.0,0.0
g14820_CDS2,64.6,25.4,0.0,0.0,0.0,0.0,0.0
g14404_CDS1,772.4,361.6,1.00412,0.0,0.0013,0.0,0.0
g14695_CDS4,189.0,21.0,314.87399999999997,3185.4795000000004,1.666,151.6895,0.01098296190573507
g14932_CDS1,12.0,12.0,0.0,0.0,0.0,0.0,0.0
g14650_CDS3,4.0,8.0,0.0,0.0,0.0,0.0,0.0
g14463_CDS4,193.4,58.6,0.0,0.0,0.0,0.0,0.0
g14649_CDS1,1721.4,882.6,0.0,2.07411,0.0,0.00235,0.0
g14380_CDS2,22.2,1.8,0.0,0.0,0.0,0.0,0.0
g14794_CDS6,162.2,77.8,0.0,0.0,0.0,0.0,0.0
g14780_CDS1,184.4,103.6,1.03264,0.0,0.0056,0.0,0.0
g14526_CDS2,79.8,16.2,0.0,0.0,0.0,0.0,0.0
g14322_CDS1,350.6,99.4,0.0,0.0,0.0,0.0,0.0
g14380_CDS4,249.0,51.0,0.0,0.0,0.0,0.0,0.0
g14719_CDS3,210.4,53.6,0.0,0.0,0.0,0.0,0.0
g15037_CDS4,2419.2,862.8,0.0,0.0,0.0,0.0,0.0
g14758_CDS10,482.2,207.8,0.0,0.0,0.0,0.0,0.0
g14957_CDS1,1312.8,733.2,0.0,1.02648,0.0,0.0014,0.0
g14994_CDS1,232.2,91.8,0.0,0.0,0.0,0.0,0.0
g14470_CDS1,534.8,197.2,0.0,0.0,0.0,0.0,0.0
g14436_CDS2,202.2,73.8,14.94258,4.52763,0.07390000000000001,0.06135000000000001,1.204563977180114
g15034_CDS4,19.4,4.6,0.0,0.0,0.0,0.0,0.0
g14769_CDS2,2621.2,660.8,0.0,0.0,0.0,0.0,0.0
g14316_CDS2,9.0,9.0,0.0,0.0,0.0,0.0,0.0
g14707_CDS3,643.2,202.8,0.0,0.0,0.0,0.0,0.0
g14761_CDS1,544.6,151.4,23.77179,22.28608,0.043649999999999994,0.14719999999999997,0.29653532608695654
g14509_CDS1,459.8,182.2,423.95859,482.71156999999994,0.92205,2.6493499999999996,0.3480287617717554
g14440_CDS2,15.8,2.2,0.0,0.0,0.0,0.0,0.0
g14817_CDS1,1947.2,1058.8,0.0,0.9529199999999999,0.0,0.0009,0.0
g14703_CDS1,344.8,129.2,0.0,0.0,0.0,0.0,0.0
g14373_CDS5,532.8,103.2,0.0,0.0,0.0,0.0,0.0
g14694_CDS1,58.4,43.6,0.0,0.0,0.0,0.0,0.0
g14994_CDS5,325.4,118.6,0.0,0.0,0.0,0.0,0.0
g14357_CDS1,375.8,134.2,0.0,0.0,0.0,0.0,0.0
g14994_CDS3,339.4,122.6,0.0,0.0,0.0,0.0,0.0
g14329_CDS8,63.8,20.2,0.0,0.0,0.0,0.0,0.0
g14345_CDS9,455.8,150.2,0.0,0.0,0.0,0.0,0.0
g14738_CDS6,64.6,31.4,0.0,0.0,0.0,0.0,0.0
g14900_CDS5,231.2,68.8,0.0,0.0,0.0,0.0,0.0
g14572_CDS1,410.6,81.4,2.01194,0.0,0.0049,0.0,0.0
g14822_CDS4,473.6,174.4,0.99456,1.0376800000000002,0.0021,0.00595,0.3529411764705882
g14758_CDS3,11.4,0.6,0.0,0.0,0.0,0.0,0.0
g14994_CDS10,522.8,251.2,0.0,1.02992,0.0,0.0041,0.0
g14867_CDS4,25.8,10.2,0.0,0.0,0.0,0.0,0.0
g14373_CDS12,9.0,3.0,0.0,0.0,0.0,0.0,0.0
g14877_CDS1,576.2,221.8,0.0,0.0,0.0,0.0,0.0
g14373_CDS1,29.2,18.8,0.0,0.0,0.0,0.0,0.0
g14520_CDS4,174.2,95.8,0.0,1.1112799999999998,0.0,0.0116,0.0
g14793_CDS1,666.0,222.0,0.9656999999999999,0.0,0.00145,0.0,0.0
g14890_CDS1,281.2,138.8,0.0,1.96402,0.0,0.01415,0.0
g14956_CDS8,264.8,101.2,0.0,0.0,0.0,0.0,0.0
g14743_CDS23,31.2,4.8,0.0,0.0,0.0,0.0,0.0
g14805_CDS1,627.2,272.8,16.90304,9.73896,0.026949999999999998,0.0357,0.7549019607843136
g14326_CDS2,29.4,12.6,0.0,0.0,0.0,0.0,0.0
g14359_CDS4,642.4,101.6,0.0,0.0,0.0,0.0,0.0
g14477_CDS3,477.2,62.8,0.0,0.0,0.0,0.0,0.0
g14951_CDS9,190.0,50.0,0.0,0.0,0.0,0.0,0.0
g14689_CDS3,97.0,23.0,0.0,0.0,0.0,0.0,0.0
g14344_CDS4,291.0,111.0,0.0,0.0,0.0,0.0,0.0
g14570_CDS1,351.6,158.4,1.0020600000000002,0.0,0.00285,0.0,0.0
g14441_CDS2,1011.6,158.4,0.0,0.0,0.0,0.0,0.0
g14548_CDS3,174.8,65.2,2.06264,0.0,0.0118,0.0,0.0
g14313_CDS6,321.0,117.0,0.0,0.0,0.0,0.0,0.0
g14477_CDS12,208.0,44.0,0.0,0.0,0.0,0.0,0.0
g14941_CDS2,93.6,20.4,0.0,0.0,0.0,0.0,0.0
g14736_CDS6,292.8,73.2,0.0,1.36884,0.0,0.0187,0.0
g14396_CDS3,431.6,108.4,0.99268,0.00542,0.0023,5e-05,46.0
g14445_CDS1,315.4,122.6,0.0,0.0,0.0,0.0,0.0
g14533_CDS2,474.4,119.6,0.9962399999999999,0.0,0.0021,0.0,0.0
g14530_CDS3,61.6,22.4,0.0,0.0,0.0,0.0,0.0
g14820_CDS1,606.2,143.8,0.0,0.0,0.0,0.0,0.0
g14498_CDS4,689.6,270.4,0.0,6.422,0.0,0.02375,0.0
g14513_CDS1,370.6,229.4,1.07474,0.0,0.0029,0.0,0.0
g14871_CDS3,695.8,258.2,0.0,0.0,0.0,0.0,0.0
g14526_CDS4,236.2,69.8,0.0,0.0,0.0,0.0,0.0
g14743_CDS5,189.6,68.4,0.0,0.0,0.0,0.0,0.0
g14910_CDS1,605.8,318.2,1.9385599999999998,2.30695,0.0032,0.00725,0.4413793103448276
g14813_CDS4,311.2,120.8,0.0,0.0,0.0,0.0,0.0
g14532_CDS2,678.0,216.0,0.0,0.0,0.0,0.0,0.0
g14356_CDS9,434.6,189.4,0.0,0.0,0.0,0.0,0.0
g15012_CDS2,61.0,23.0,55.686899999999994,32.2184,0.9128999999999999,1.4008,0.6516990291262135
g14514_CDS3,202.0,62.0,2.0099,0.0,0.00995,0.0,0.0
